{ "simoutput" : 
{ "hists" : { 
  "gasedep" : {"title":"Gas Edep in keV","stats":{"integral":6302383.0,"rms":315.20662946690527,"mean":129.50900875339784,"minfilled":0.0,"maxfilled":1961.865682579896},"bindata":{"xmin":0.0,"xmax":2000.0,"nbins":400,"content":[4953559.0,11064.0,10176.0,9808.0,9283.0,8852.0,8498.0,8267.0,8084.0,7910.0,7704.0,7679.0,7533.0,7346.0,7321.0,7268.0,7255.0,7111.0,7084.0,6987.0,6768.0,6976.0,6720.0,6629.0,6821.0,6767.0,6614.0,6659.0,6497.0,6498.0,6606.0,6470.0,6524.0,6441.0,6545.0,6319.0,6340.0,6438.0,6337.0,6455.0,6355.0,6237.0,6274.0,6379.0,6321.0,6231.0,6304.0,6338.0,6290.0,6193.0,6053.0,6231.0,6128.0,6044.0,6070.0,6072.0,6016.0,6012.0,5925.0,6020.0,5942.0,5858.0,5775.0,5826.0,5787.0,5646.0,5601.0,5597.0,5471.0,5563.0,5462.0,5544.0,5501.0,5451.0,5667.0,5559.0,5483.0,5540.0,5391.0,5490.0,5555.0,5530.0,5596.0,5625.0,5530.0,5456.0,5483.0,5485.0,5422.0,5591.0,5441.0,5473.0,5409.0,5470.0,5514.0,5487.0,5287.0,5309.0,5350.0,5307.0,5438.0,5295.0,5277.0,5268.0,5321.0,5382.0,5295.0,5341.0,5249.0,5240.0,5214.0,5227.0,5227.0,5102.0,5086.0,5042.0,5151.0,5068.0,5061.0,5109.0,5006.0,5102.0,4982.0,4960.0,5096.0,4913.0,5030.0,4967.0,4994.0,4860.0,4934.0,4947.0,4852.0,4786.0,4942.0,5021.0,4979.0,4919.0,4952.0,4828.0,4915.0,4891.0,4924.0,4797.0,4843.0,4790.0,4807.0,4704.0,4667.0,5055.0,4856.0,4696.0,4876.0,4781.0,4750.0,4811.0,4655.0,4820.0,4703.0,4734.0,4760.0,4673.0,4746.0,4767.0,4760.0,4712.0,4728.0,4474.0,3685.0,3091.0,2999.0,2958.0,2932.0,3015.0,3049.0,3006.0,3096.0,2967.0,2923.0,2961.0,3076.0,2892.0,3108.0,2995.0,2951.0,3058.0,3064.0,2977.0,2937.0,3075.0,3076.0,3027.0,2926.0,3000.0,3114.0,3043.0,2965.0,3019.0,3011.0,2994.0,2969.0,2903.0,2906.0,2869.0,2871.0,2922.0,2798.0,2851.0,2973.0,2873.0,3022.0,2943.0,2862.0,2867.0,2900.0,2862.0,2856.0,2949.0,2904.0,2854.0,3028.0,2911.0,2853.0,2928.0,2889.0,2839.0,2868.0,2932.0,2881.0,2889.0,2881.0,2814.0,2837.0,2728.0,2820.0,2934.0,2967.0,3045.0,2985.0,2887.0,2904.0,2878.0,2901.0,2914.0,2875.0,2861.0,2877.0,2880.0,2850.0,2864.0,2910.0,2917.0,2983.0,2876.0,2854.0,2879.0,2939.0,2826.0,2836.0,2857.0,2961.0,2857.0,2889.0,2807.0,2891.0,2816.0,2782.0,2964.0,2791.0,2848.0,2869.0,2889.0,2958.0,2817.0,2863.0,2809.0,2876.0,2882.0,2914.0,2728.0,2788.0,2856.0,2799.0,2863.0,2794.0,2868.0,2878.0,2785.0,2740.0,2848.0,2698.0,2854.0,2755.0,2767.0,1733.0,257.0,198.0,191.0,213.0,195.0,163.0,186.0,202.0,190.0,185.0,185.0,178.0,197.0,191.0,157.0,213.0,177.0,203.0,197.0,182.0,192.0,191.0,177.0,166.0,196.0,179.0,176.0,193.0,191.0,182.0,174.0,206.0,182.0,190.0,193.0,191.0,202.0,180.0,194.0,190.0,195.0,188.0,177.0,184.0,177.0,185.0,173.0,191.0,180.0,195.0,178.0,171.0,156.0,183.0,157.0,203.0,177.0,165.0,199.0,175.0,52.0,0.0,0.0,0.0,0.0,0.0,0.0,0.0,0.0,0.0,0.0,0.0,0.0,0.0,0.0,0.0,0.0,0.0,0.0,0.0,0.0,0.0,0.0,0.0,0.0,0.0,0.0,0.0,0.0,0.0,0.0,0.0,0.0,0.0,0.0,0.0,0.0,1.0,0.0,0.0,0.0,0.0,0.0,0.0,0.0],"errorsq":[4953559.0,11064.0,10176.0,9808.0,9283.0,8852.0,8498.0,8267.0,8084.0,7910.0,7704.0,7679.0,7533.0,7346.0,7321.0,7268.0,7255.0,7111.0,7084.0,6987.0,6768.0,6976.0,6720.0,6629.0,6821.0,6767.0,6614.0,6659.0,6497.0,6498.0,6606.0,6470.0,6524.0,6441.0,6545.0,6319.0,6340.0,6438.0,6337.0,6455.0,6355.0,6237.0,6274.0,6379.0,6321.0,6231.0,6304.0,6338.0,6290.0,6193.0,6053.0,6231.0,6128.0,6044.0,6070.0,6072.0,6016.0,6012.0,5925.0,6020.0,5942.0,5858.0,5775.0,5826.0,5787.0,5646.0,5601.0,5597.0,5471.0,5563.0,5462.0,5544.0,5501.0,5451.0,5667.0,5559.0,5483.0,5540.0,5391.0,5490.0,5555.0,5530.0,5596.0,5625.0,5530.0,5456.0,5483.0,5485.0,5422.0,5591.0,5441.0,5473.0,5409.0,5470.0,5514.0,5487.0,5287.0,5309.0,5350.0,5307.0,5438.0,5295.0,5277.0,5268.0,5321.0,5382.0,5295.0,5341.0,5249.0,5240.0,5214.0,5227.0,5227.0,5102.0,5086.0,5042.0,5151.0,5068.0,5061.0,5109.0,5006.0,5102.0,4982.0,4960.0,5096.0,4913.0,5030.0,4967.0,4994.0,4860.0,4934.0,4947.0,4852.0,4786.0,4942.0,5021.0,4979.0,4919.0,4952.0,4828.0,4915.0,4891.0,4924.0,4797.0,4843.0,4790.0,4807.0,4704.0,4667.0,5055.0,4856.0,4696.0,4876.0,4781.0,4750.0,4811.0,4655.0,4820.0,4703.0,4734.0,4760.0,4673.0,4746.0,4767.0,4760.0,4712.0,4728.0,4474.0,3685.0,3091.0,2999.0,2958.0,2932.0,3015.0,3049.0,3006.0,3096.0,2967.0,2923.0,2961.0,3076.0,2892.0,3108.0,2995.0,2951.0,3058.0,3064.0,2977.0,2937.0,3075.0,3076.0,3027.0,2926.0,3000.0,3114.0,3043.0,2965.0,3019.0,3011.0,2994.0,2969.0,2903.0,2906.0,2869.0,2871.0,2922.0,2798.0,2851.0,2973.0,2873.0,3022.0,2943.0,2862.0,2867.0,2900.0,2862.0,2856.0,2949.0,2904.0,2854.0,3028.0,2911.0,2853.0,2928.0,2889.0,2839.0,2868.0,2932.0,2881.0,2889.0,2881.0,2814.0,2837.0,2728.0,2820.0,2934.0,2967.0,3045.0,2985.0,2887.0,2904.0,2878.0,2901.0,2914.0,2875.0,2861.0,2877.0,2880.0,2850.0,2864.0,2910.0,2917.0,2983.0,2876.0,2854.0,2879.0,2939.0,2826.0,2836.0,2857.0,2961.0,2857.0,2889.0,2807.0,2891.0,2816.0,2782.0,2964.0,2791.0,2848.0,2869.0,2889.0,2958.0,2817.0,2863.0,2809.0,2876.0,2882.0,2914.0,2728.0,2788.0,2856.0,2799.0,2863.0,2794.0,2868.0,2878.0,2785.0,2740.0,2848.0,2698.0,2854.0,2755.0,2767.0,1733.0,257.0,198.0,191.0,213.0,195.0,163.0,186.0,202.0,190.0,185.0,185.0,178.0,197.0,191.0,157.0,213.0,177.0,203.0,197.0,182.0,192.0,191.0,177.0,166.0,196.0,179.0,176.0,193.0,191.0,182.0,174.0,206.0,182.0,190.0,193.0,191.0,202.0,180.0,194.0,190.0,195.0,188.0,177.0,184.0,177.0,185.0,173.0,191.0,180.0,195.0,178.0,171.0,156.0,183.0,157.0,203.0,177.0,165.0,199.0,175.0,52.0,0.0,0.0,0.0,0.0,0.0,0.0,0.0,0.0,0.0,0.0,0.0,0.0,0.0,0.0,0.0,0.0,0.0,0.0,0.0,0.0,0.0,0.0,0.0,0.0,0.0,0.0,0.0,0.0,0.0,0.0,0.0,0.0,0.0,0.0,0.0,0.0,1.0,0.0,0.0,0.0,0.0,0.0,0.0,0.0]}},
  "absptdist" : {"title":"Distance from absn pt to gas in micron","stats":{"integral":6302383.0,"rms":1.4525683674539518,"mean":2.6112706789627804,"minfilled":1.2687859651805411e-06,"maxfilled":4.9999992906339941},"bindata":{"xmin":0.0,"xmax":6.0,"nbins":400,