{ "simoutput" : 
{ "hists" : { 
  "gasedep" : {"title":"Gas Edep in keV","stats":{"integral":62460395.0,"rms":324.931984928834,"mean":135.6013225336832,"minfilled":0.0,"maxfilled":1777.005472911877},"bindata":{"xmin":0.0,"xmax":2000.0,"nbins":400,"content":[48992075.0,100768.0,93126.0,89203.0,85040.0,81811.0,78574.0,75460.0,73316.0,71776.0,70104.0,69002.0,67889.0,67291.0,66816.0,65852.0,65362.0,65063.0,64753.0,64167.0,63253.0,63093.0,63289.0,62821.0,62490.0,61959.0,61606.0,61583.0,61683.0,61387.0,61124.0,60581.0,60749.0,60145.0,60329.0,59978.0,59787.0,60023.0,59832.0,59682.0,59557.0,59794.0,58992.0,59296.0,59033.0,60140.0,59768.0,59095.0,59812.0,59236.0,59235.0,59296.0,58913.0,58810.0,58703.0,58442.0,57514.0,57888.0,57276.0,56982.0,56453.0,56516.0,55838.0,55529.0,55134.0,55230.0,54813.0,54365.0,54614.0,54115.0,54476.0,54053.0,54010.0,53787.0,53993.0,53430.0,53757.0,54080.0,54189.0,53640.0,53650.0,53835.0,54298.0,54124.0,53699.0,53875.0,54102.0,54105.0,53559.0,53800.0,53992.0,54196.0,53998.0,53985.0,53758.0,53469.0,53440.0,53585.0,53000.0,53647.0,53737.0,53157.0,52941.0,52858.0,53142.0,52857.0,52675.0,52820.0,52316.0,51849.0,51970.0,51688.0,51831.0,51477.0,51105.0,51474.0,51602.0,50835.0,50726.0,50557.0,50513.0,50282.0,50049.0,50081.0,50301.0,50081.0,50120.0,50017.0,49805.0,49964.0,50082.0,49637.0,48986.0,49470.0,50064.0,50132.0,49949.0,50029.0,49604.0,49254.0,49306.0,49388.0,49527.0,49719.0,49405.0,49456.0,49287.0,49580.0,49266.0,49243.0,49465.0,49125.0,49107.0,49441.0,49091.0,49320.0,49457.0,49717.0,49350.0,48698.0,49260.0,48909.0,49630.0,49172.0,49554.0,49213.0,49202.0,44590.0,37333.0,31960.0,31220.0,31097.0,30950.0,31043.0,31140.0,30908.0,31162.0,31137.0,31300.0,31035.0,31266.0,31280.0,31116.0,31358.0,31192.0,31353.0,31173.0,31195.0,31470.0,31446.0,31219.0,31533.0,31722.0,31549.0,31758.0,31366.0,31715.0,31292.0,30877.0,31363.0,31726.0,31566.0,30771.0,30459.0,30699.0,30268.0,30353.0,30371.0,30190.0,30354.0,30382.0,30739.0,30529.0,30327.0,30435.0,30426.0,30615.0,30726.0,30803.0,30799.0,30629.0,30888.0,30686.0,30834.0,30733.0,30972.0,31153.0,30864.0,30848.0,30991.0,30563.0,30758.0,29682.0,29669.0,30219.0,31524.0,31975.0,32288.0,32173.0,31473.0,31355.0,31293.0,31295.0,30874.0,30968.0,31032.0,31374.0,31265.0,31178.0,31536.0,31110.0,31169.0,31007.0,31366.0,31207.0,31062.0,31358.0,31225.0,31242.0,31391.0,31238.0,31540.0,31110.0,31192.0,31723.0,31660.0,31282.0,31611.0,31343.0,31333.0,31412.0,31393.0,31271.0,31247.0,31340.0,31130.0,31048.0,31424.0,31431.0,31210.0,31074.0,30931.0,30729.0,31112.0,31013.0,30895.0,30993.0,30916.0,30398.0,30901.0,31057.0,30514.0,30663.0,30653.0,18554.0,2532.0,2075.0,2117.0,2114.0,2073.0,2168.0,2098.0,2023.0,2167.0,2022.0,2115.0,2098.0,2069.0,2103.0,2081.0,2116.0,2135.0,2112.0,2122.0,2045.0,2093.0,2081.0,2152.0,2063.0,2135.0,2130.0,2084.0,2068.0,2084.0,2074.0,2030.0,1962.0,2097.0,2031.0,2054.0,2051.0,2052.0,2081.0,2087.0,1987.0,1986.0,2038.0,2081.0,1974.0,2071.0,2079.0,2058.0,2058.0,1992.0,1917.0,2040.0,2029.0,1955.0,1956.0,2023.0,2056.0,1924.0,1957.0,1971.0,1891.0,644.0,0.0,0.0,0.0,0.0,0.0,0.0,0.0,0.0,0.0,0.0,0.0,0.0,0.0,0.0,0.0,0.0,0.0,0.0,0.0,0.0,0.0,0.0,0.0,0.0,0.0,0.0,0.0,0.0,0.0,0.0,0.0,0.0,0.0,0.0,0.0,0.0,0.0,0.0,0.0,0.0,0.0,0.0,0.0,0.0],"errorsq":[48992075.0,100768.0,93126.0,89203.0,85040.0,81811.0,78574.0,75460.0,73316.0,71776.0,70104.0,69002.0,67889.0,67291.0,66816.0,65852.0,65362.0,65063.0,64753.0,64167.0,63253.0,63093.0,63289.0,62821.0,62490.0,61959.0,61606.0,61583.0,61683.0,61387.0,61124.0,60581.0,60749.0,60145.0,60329.0,59978.0,59787.0,60023.0,59832.0,59682.0,59557.0,59794.0,58992.0,59296.0,59033.0,60140.0,59768.0,59095.0,59812.0,59236.0,59235.0,59296.0,58913.0,58810.0,58703.0,58442.0,57514.0,57888.0,57276.0,56982.0,56453.0,56516.0,55838.0,55529.0,55134.0,55230.0,54813.0,54365.0,54614.0,54115.0,54476.0,54053.0,54010.0,53787.0,53993.0,53430.0,53757.0,54080.0,54189.0,53640.0,53650.0,53835.0,54298.0,54124.0,53699.0,53875.0,54102.0,54105.0,53559.0,53800.0,53992.0,54196.0,53998.0,53985.0,53758.0,53469.0,53440.0,53585.0,53000.0,53647.0,53737.0,53157.0,52941.0,52858.0,53142.0,52857.0,52675.0,52820.0,52316.0,51849.0,51970.0,51688.0,51831.0,51477.0,51105.0,51474.0,51602.0,50835.0,50726.0,50557.0,50513.0,50282.0,50049.0,50081.0,50301.0,50081.0,50120.0,50017.0,49805.0,49964.0,50082.0,49637.0,48986.0,49470.0,50064.0,50132.0,49949.0,50029.0,49604.0,49254.0,49306.0,49388.0,49527.0,49719.0,49405.0,49456.0,49287.0,49580.0,49266.0,49243.0,49465.0,49125.0,49107.0,49441.0,49091.0,49320.0,49457.0,49717.0,49350.0,48698.0,49260.0,48909.0,49630.0,49172.0,49554.0,49213.0,49202.0,44590.0,37333.0,31960.0,31220.0,31097.0,30950.0,31043.0,31140.0,30908.0,31162.0,31137.0,31300.0,31035.0,31266.0,31280.0,31116.0,31358.0,31192.0,31353.0,31173.0,31195.0,31470.0,31446.0,31219.0,31533.0,31722.0,31549.0,31758.0,31366.0,31715.0,31292.0,30877.0,31363.0,31726.0,31566.0,30771.0,30459.0,30699.0,30268.0,30353.0,30371.0,30190.0,30354.0,30382.0,30739.0,30529.0,30327.0,30435.0,30426.0,30615.0,30726.0,30803.0,30799.0,30629.0,30888.0,30686.0,30834.0,30733.0,30972.0,31153.0,30864.0,30848.0,30991.0,30563.0,30758.0,29682.0,29669.0,30219.0,31524.0,31975.0,32288.0,32173.0,31473.0,31355.0,31293.0,31295.0,30874.0,30968.0,31032.0,31374.0,31265.0,31178.0,31536.0,31110.0,31169.0,31007.0,31366.0,31207.0,31062.0,31358.0,31225.0,31242.0,31391.0,31238.0,31540.0,31110.0,31192.0,31723.0,31660.0,31282.0,31611.0,31343.0,31333.0,31412.0,31393.0,31271.0,31247.0,31340.0,31130.0,31048.0,31424.0,31431.0,31210.0,31074.0,30931.0,30729.0,31112.0,31013.0,30895.0,30993.0,30916.0,30398.0,30901.0,31057.0,30514.0,30663.0,30653.0,18554.0,2532.0,2075.0,2117.0,2114.0,2073.0,2168.0,2098.0,2023.0,2167.0,2022.0,2115.0,2098.0,2069.0,2103.0,2081.0,2116.0,2135.0,2112.0,2122.0,2045.0,2093.0,2081.0,2152.0,2063.0,2135.0,2130.0,2084.0,2068.0,2084.0,2074.0,2030.0,1962.0,2097.0,2031.0,2054.0,2051.0,2052.0,2081.0,2087.0,1987.0,1986.0,2038.0,2081.0,1974.0,2071.0,2079.0,2058.0,2058.0,1992.0,1917.0,2040.0,2029.0,1955.0,1956.0,2023.0,2056.0,1924.0,1957.0,1971.0,1891.0,644.0,0.0,0.0,0.0,0.0,0.0,0.0,0.0,0.0,0.0,0.0,0.0,0.0,0.0,0.0,0.0,0.0,0.0,0.0,0.0,0.0,0.0,0.0,0.0,0.0,0.0,0.0,0.0,0.0,0.0,0.0,0.0,0.0,0.0,0.0,0.0,0.0,0.0,0.0,0.0,0.0,0.0,0.0,0.0,0.0]}},
  "absptdist" : {"title":"Distance from absn pt to gas in micron","stats":{"integral":62460395.0,"rms":1.4522678750344373,"mean":2.6041827199727514,"minfilled":4.4906300900038332e-09,"maxfilled":4.9999999707921461},"bindata":{"xmin":0.0,"xmax":6.0,"nbins":400,