{ "simoutput" : 
{ "hists" : { 
  "gasedep" : {"title":"Gas Edep in keV","stats":{"integral":68132956.0,"rms":311.38736759671326,"mean":126.11599333606217,"minfilled":0.0,"maxfilled":1896.5471555334091},"bindata":{"xmin":0.0,"xmax":2000.0,"nbins":400,"content":[53917939.0,115002.0,106317.0,101487.0,96958.0,93209.0,89760.0,86346.0,83992.0,82414.0,80406.0,78836.0,78258.0,76779.0,76035.0,75439.0,75472.0,74118.0,73525.0,73284.0,72525.0,72338.0,72094.0,71394.0,71139.0,71110.0,70498.0,69788.0,69064.0,69254.0,69301.0,68760.0,68001.0,68481.0,67439.0,67782.0,67325.0,67557.0,67251.0,67030.0,66532.0,66712.0,66169.0,66459.0,66665.0,66530.0,65986.0,66381.0,66462.0,65772.0,65584.0,65121.0,65315.0,65068.0,65019.0,64307.0,64420.0,63655.0,63249.0,63042.0,62752.0,62106.0,61890.0,61249.0,60915.0,60822.0,60440.0,59764.0,59939.0,59637.0,58876.0,59337.0,59004.0,58957.0,59003.0,58752.0,58861.0,58153.0,58570.0,58110.0,58530.0,58296.0,57707.0,58176.0,58379.0,58456.0,58150.0,58147.0,58250.0,58301.0,57749.0,57775.0,57900.0,57809.0,57643.0,58093.0,57665.0,57194.0,57290.0,57271.0,56753.0,56665.0,56646.0,56424.0,56178.0,55757.0,55960.0,55747.0,55410.0,55188.0,55231.0,54684.0,54403.0,54232.0,53984.0,53977.0,53901.0,53782.0,53290.0,52895.0,52820.0,53076.0,52744.0,52888.0,53343.0,52673.0,52392.0,52366.0,51463.0,52207.0,51931.0,51939.0,51868.0,51620.0,51733.0,52345.0,52105.0,51810.0,51514.0,51819.0,51217.0,51221.0,51199.0,51148.0,51292.0,50657.0,50707.0,50823.0,51030.0,50754.0,51319.0,51041.0,50563.0,50809.0,50932.0,50270.0,50410.0,50669.0,50289.0,50787.0,50234.0,50207.0,50232.0,49845.0,50108.0,49926.0,49689.0,45508.0,38032.0,32516.0,31722.0,31699.0,31528.0,31422.0,32132.0,31767.0,31435.0,31690.0,31539.0,31770.0,31712.0,31478.0,31763.0,31436.0,31446.0,32006.0,31523.0,31705.0,31730.0,31672.0,31559.0,31479.0,31207.0,31503.0,31895.0,31528.0,31583.0,31642.0,31515.0,31606.0,31418.0,31460.0,31423.0,30157.0,30507.0,30372.0,30185.0,30357.0,30519.0,30389.0,30397.0,30129.0,30406.0,30411.0,30549.0,30358.0,30054.0,30469.0,30663.0,30622.0,30556.0,30348.0,30285.0,30385.0,30230.0,30340.0,30462.0,30200.0,30178.0,30416.0,30188.0,29886.0,29725.0,29111.0,29668.0,30271.0,30908.0,31321.0,31357.0,30939.0,30144.0,30353.0,30417.0,30062.0,30183.0,30263.0,30028.0,30190.0,30176.0,29943.0,30238.0,30084.0,30130.0,30319.0,29827.0,29954.0,29999.0,29943.0,30314.0,30401.0,29807.0,30155.0,30309.0,30018.0,30448.0,30052.0,30089.0,30002.0,30118.0,29578.0,30115.0,29935.0,29771.0,29904.0,30085.0,29910.0,29563.0,29653.0,30114.0,29554.0,29664.0,29510.0,29565.0,29475.0,29809.0,29273.0,29390.0,29155.0,28989.0,29484.0,29389.0,29083.0,28822.0,29258.0,18059.0,2500.0,2041.0,1940.0,1967.0,1985.0,1966.0,2050.0,1893.0,1971.0,1988.0,2032.0,1965.0,1989.0,2004.0,1983.0,1964.0,2030.0,1978.0,1950.0,2028.0,1943.0,1967.0,1905.0,1923.0,1956.0,2013.0,1935.0,1979.0,1985.0,2006.0,2066.0,2004.0,1953.0,2052.0,1959.0,1942.0,1908.0,1870.0,1984.0,1816.0,1945.0,1866.0,2022.0,1958.0,1966.0,1908.0,1915.0,1934.0,1918.0,1925.0,1849.0,1947.0,1877.0,1819.0,1837.0,1957.0,1959.0,1881.0,1918.0,1885.0,622.0,2.0,0.0,0.0,0.0,0.0,0.0,0.0,0.0,0.0,0.0,0.0,0.0,0.0,1.0,0.0,0.0,0.0,0.0,0.0,0.0,0.0,0.0,0.0,1.0,0.0,0.0,0.0,0.0,0.0,0.0,0.0,0.0,0.0,0.0,0.0,0.0,0.0,0.0,0.0,0.0,0.0,0.0,0.0,0.0],"errorsq":[53917939.0,115002.0,106317.0,101487.0,96958.0,93209.0,89760.0,86346.0,83992.0,82414.0,80406.0,78836.0,78258.0,76779.0,76035.0,75439.0,75472.0,74118.0,73525.0,73284.0,72525.0,72338.0,72094.0,71394.0,71139.0,71110.0,70498.0,69788.0,69064.0,69254.0,69301.0,68760.0,68001.0,68481.0,67439.0,67782.0,67325.0,67557.0,67251.0,67030.0,66532.0,66712.0,66169.0,66459.0,66665.0,66530.0,65986.0,66381.0,66462.0,65772.0,65584.0,65121.0,65315.0,65068.0,65019.0,64307.0,64420.0,63655.0,63249.0,63042.0,62752.0,62106.0,61890.0,61249.0,60915.0,60822.0,60440.0,59764.0,59939.0,59637.0,58876.0,59337.0,59004.0,58957.0,59003.0,58752.0,58861.0,58153.0,58570.0,58110.0,58530.0,58296.0,57707.0,58176.0,58379.0,58456.0,58150.0,58147.0,58250.0,58301.0,57749.0,57775.0,57900.0,57809.0,57643.0,58093.0,57665.0,57194.0,57290.0,57271.0,56753.0,56665.0,56646.0,56424.0,56178.0,55757.0,55960.0,55747.0,55410.0,55188.0,55231.0,54684.0,54403.0,54232.0,53984.0,53977.0,53901.0,53782.0,53290.0,52895.0,52820.0,53076.0,52744.0,52888.0,53343.0,52673.0,52392.0,52366.0,51463.0,52207.0,51931.0,51939.0,51868.0,51620.0,51733.0,52345.0,52105.0,51810.0,51514.0,51819.0,51217.0,51221.0,51199.0,51148.0,51292.0,50657.0,50707.0,50823.0,51030.0,50754.0,51319.0,51041.0,50563.0,50809.0,50932.0,50270.0,50410.0,50669.0,50289.0,50787.0,50234.0,50207.0,50232.0,49845.0,50108.0,49926.0,49689.0,45508.0,38032.0,32516.0,31722.0,31699.0,31528.0,31422.0,32132.0,31767.0,31435.0,31690.0,31539.0,31770.0,31712.0,31478.0,31763.0,31436.0,31446.0,32006.0,31523.0,31705.0,31730.0,31672.0,31559.0,31479.0,31207.0,31503.0,31895.0,31528.0,31583.0,31642.0,31515.0,31606.0,31418.0,31460.0,31423.0,30157.0,30507.0,30372.0,30185.0,30357.0,30519.0,30389.0,30397.0,30129.0,30406.0,30411.0,30549.0,30358.0,30054.0,30469.0,30663.0,30622.0,30556.0,30348.0,30285.0,30385.0,30230.0,30340.0,30462.0,30200.0,30178.0,30416.0,30188.0,29886.0,29725.0,29111.0,29668.0,30271.0,30908.0,31321.0,31357.0,30939.0,30144.0,30353.0,30417.0,30062.0,30183.0,30263.0,30028.0,30190.0,30176.0,29943.0,30238.0,30084.0,30130.0,30319.0,29827.0,29954.0,29999.0,29943.0,30314.0,30401.0,29807.0,30155.0,30309.0,30018.0,30448.0,30052.0,30089.0,30002.0,30118.0,29578.0,30115.0,29935.0,29771.0,29904.0,30085.0,29910.0,29563.0,29653.0,30114.0,29554.0,29664.0,29510.0,29565.0,29475.0,29809.0,29273.0,29390.0,29155.0,28989.0,29484.0,29389.0,29083.0,28822.0,29258.0,18059.0,2500.0,2041.0,1940.0,1967.0,1985.0,1966.0,2050.0,1893.0,1971.0,1988.0,2032.0,1965.0,1989.0,2004.0,1983.0,1964.0,2030.0,1978.0,1950.0,2028.0,1943.0,1967.0,1905.0,1923.0,1956.0,2013.0,1935.0,1979.0,1985.0,2006.0,2066.0,2004.0,1953.0,2052.0,1959.0,1942.0,1908.0,1870.0,1984.0,1816.0,1945.0,1866.0,2022.0,1958.0,1966.0,1908.0,1915.0,1934.0,1918.0,1925.0,1849.0,1947.0,1877.0,1819.0,1837.0,1957.0,1959.0,1881.0,1918.0,1885.0,622.0,2.0,0.0,0.0,0.0,0.0,0.0,0.0,0.0,0.0,0.0,0.0,0.0,0.0,1.0,0.0,0.0,0.0,0.0,0.0,0.0,0.0,0.0,0.0,1.0,0.0,0.0,0.0,0.0,0.0,0.0,0.0,0.0,0.0,0.0,0.0,0.0,0.0,0.0,0.0,0.0,0.0,0.0,0.0,0.0]}},
  "absptdist" : {"title":"Distance from absn pt to gas in micron","stats":{"integral":68132956.0,"rms":1.4543334529923653,"mean":2.6497713478522331,"minfilled":2.4344970483980433e-08,"maxfilled":4.9999999725436339},"bindata":{"xmin":0.0,"xmax":6.0,"nbins":400,